,Kemeny_Change_PCT
"Australia-Agriculture, Hunting, Forestry and Fishing",0.00470059138643
Australia-Mining and Quarrying,0.0707536100971
"Australia-Food, Beverages and Tobacco",-0.00012539248541
Australia-Textiles and Textile Products,0.00081802178259
"Australia-Leather, Leather and Footwear",0.000286768411512
Australia-Wood and Products of Wood and Cork,-0.000751539070756
"Australia-Pulp, Paper, Paper , Printing and Publishing",-0.00259662325368
"Australia-Coke, Refined Petroleum and Nuclear Fuel",0.00850020418221
Australia-Chemicals and Chemical Products,0.00476419774347
Australia-Rubber and Plastics,0.00119761039113
Australia-Other Non-Metallic Mineral,-0.000102956344055
Australia-Basic Metals and Fabricated Metal,0.0330822868615
"Australia-Machinery, Nec",0.0066266117118
Australia-Electrical and Optical Equipment,0.00302477206824
Australia-Transport Equipment,0.00740416361174
"Australia-Manufacturing, Nec; Recycling",0.00208595013335
"Australia-Electricity, Gas and Water Supply",-0.00946957822008
Australia-Construction,-0.055101172583
"Australia-Sale, Maintenance and Repair of Motor Vehicles and Motorcycles; Retail Sale of Fuel",-0.00341321878844
"Australia-Wholesale Trade and Commission Trade, Except of Motor Vehicles and Motorcycles",-0.0316790523403
"Australia-Retail Trade, Except of Motor Vehicles and Motorcycles; Repair of Household Goods",-0.0181865558386
Australia-Hotels and Restaurants,-0.00518383915169
Australia-Inland Transport,-0.00337490780302
Australia-Water Transport,0.00124840603086
Australia-Air Transport,0.0131894820637
Australia-Other Supporting and Auxiliary Transport Activities; Activities of Travel Agencies,-0.00295512717977
Australia-Post and Telecommunications,-0.00473730281783
Australia-Financial Intermediation,-0.0431975937701
Australia-Real Estate Activities,-0.0696619827034
Australia-Renting of M&Eq and Other Business Activities,-0.0287079405495
Australia-Public Admin and Defence; Compulsory Social Security,-0.0226088498439
Australia-Education,-0.0138892031141
Australia-Health and Social Work,-0.0346475665443
"Australia-Other Community, Social and Personal Services",-0.0141721146647
Australia-Private Households with Employed Persons,8.66784821193e-05
"Austria-Agriculture, Hunting, Forestry and Fishing",0.00178257642239
Austria-Mining and Quarrying,0.00102149749238
"Austria-Food, Beverages and Tobacco",0.0116100444034
Austria-Textiles and Textile Products,0.00561967507223
"Austria-Leather, Leather and Footwear",0.00163810709268
Austria-Wood and Products of Wood and Cork,0.00599330330656
"Austria-Pulp, Paper, Paper , Printing and Publishing",0.00960459729814
"Austria-Coke, Refined Petroleum and Nuclear Fuel",0.0154384837478
Austria-Chemicals and Chemical Products,0.0188688692249
Austria-Rubber and Plastics,0.0049239239177
Austria-Other Non-Metallic Mineral,0.00309089427685
Austria-Basic Metals and Fabricated Metal,0.0228149725295
"Austria-Machinery, Nec",0.0266633133159
Austria-Electrical and Optical Equipment,0.0191536167012
Austria-Transport Equipment,0.016425006755
"Austria-Manufacturing, Nec; Recycling",0.00652550737942
"Austria-Electricity, Gas and Water Supply",0.00599584150355
Austria-Construction,-0.00625597256824
"Austria-Sale, Maintenance and Repair of Motor Vehicles and Motorcycles; Retail Sale of Fuel",-0.00148264229037
"Austria-Wholesale Trade and Commission Trade, Except of Motor Vehicles and Motorcycles",-0.00680193019512
"Austria-Retail Trade, Except of Motor Vehicles and Motorcycles; Repair of Household Goods",-0.0103615228576
Austria-Hotels and Restaurants,-0.00527384554313
Austria-Inland Transport,0.00222716324539
Austria-Water Transport,0.000157894918163
Austria-Air Transport,0.00291691302032
Austria-Other Supporting and Auxiliary Transport Activities; Activities of Travel Agencies,0.00203497672061
Austria-Post and Telecommunications,0.00317402874444
Austria-Financial Intermediation,-0.00285829909814
Austria-Real Estate Activities,-0.0298683977118
Austria-Renting of M&Eq and Other Business Activities,0.00615848811953
Austria-Public Admin and Defence; Compulsory Social Security,-0.0187120174879
Austria-Education,-0.0163697858881
Austria-Health and Social Work,-0.0163697697061
"Austria-Other Community, Social and Personal Services",-0.00873537684191
Austria-Private Households with Employed Persons,6.45523865214e-07
"Belgium-Agriculture, Hunting, Forestry and Fishing",0.00703720949885
Belgium-Mining and Quarrying,0.00218269759087
"Belgium-Food, Beverages and Tobacco",0.0394737887901
Belgium-Textiles and Textile Products,0.011033457645
"Belgium-Leather, Leather and Footwear",0.000760980458945
Belgium-Wood and Products of Wood and Cork,0.00363107055546
"Belgium-Pulp, Paper, Paper , Printing and Publishing",0.00687552782105
"Belgium-Coke, Refined Petroleum and Nuclear Fuel",0.0378243543803
Belgium-Chemicals and Chemical Products,0.0539744394283
Belgium-Rubber and Plastics,0.00926695400503
Belgium-Other Non-Metallic Mineral,0.00988782367042
Belgium-Basic Metals and Fabricated Metal,0.0301183268204
"Belgium-Machinery, Nec",0.0194590061833
Belgium-Electrical and Optical Equipment,0.0141058219236
Belgium-Transport Equipment,0.0310723106467
"Belgium-Manufacturing, Nec; Recycling",0.00790645411424
"Belgium-Electricity, Gas and Water Supply",0.0142719047193
Belgium-Construction,-0.00230700295011
"Belgium-Sale, Maintenance and Repair of Motor Vehicles and Motorcycles; Retail Sale of Fuel",0.000252746178137
"Belgium-Wholesale Trade and Commission Trade, Except of Motor Vehicles and Motorcycles",0.00574337421731
"Belgium-Retail Trade, Except of Motor Vehicles and Motorcycles; Repair of Household Goods",-0.00459101932686
Belgium-Hotels and Restaurants,0.00410938860436
Belgium-Inland Transport,0.00654712903301
Belgium-Water Transport,0.00221496699074
Belgium-Air Transport,0.00292624670399
Belgium-Other Supporting and Auxiliary Transport Activities; Activities of Travel Agencies,0.0222917072553
Belgium-Post and Telecommunications,0.00576408780571
Belgium-Financial Intermediation,-0.00824939322726
Belgium-Real Estate Activities,-0.0238924866903
Belgium-Renting of M&Eq and Other Business Activities,0.0254129580536
Belgium-Public Admin and Defence; Compulsory Social Security,-0.018628812484
Belgium-Education,-0.0155293696006
Belgium-Health and Social Work,-0.0199101685232
"Belgium-Other Community, Social and Personal Services",-0.000382162068758
Belgium-Private Households with Employed Persons,-0.000271719951898
"Bulgaria-Agriculture, Hunting, Forestry and Fishing",0.000656079233455
Bulgaria-Mining and Quarrying,-0.00190608508242
"Bulgaria-Food, Beverages and Tobacco",-0.00248212577019
Bulgaria-Textiles and Textile Products,-0.000342639045208
"Bulgaria-Leather, Leather and Footwear",0.000190043456923
Bulgaria-Wood and Products of Wood and Cork,0.000496754773901
"Bulgaria-Pulp, Paper, Paper , Printing and Publishing",0.00231436648413
"Bulgaria-Coke, Refined Petroleum and Nuclear Fuel",0.0273297848255
Bulgaria-Chemicals and Chemical Products,0.00419150925817
Bulgaria-Rubber and Plastics,0.00249348221115
Bulgaria-Other Non-Metallic Mineral,0.000652088627775
Bulgaria-Basic Metals and Fabricated Metal,0.00331262671243
"Bulgaria-Machinery, Nec",0.001917623845
Bulgaria-Electrical and Optical Equipment,0.00211227389409
Bulgaria-Transport Equipment,0.000414968971387
"Bulgaria-Manufacturing, Nec; Recycling",0.000738925350994
"Bulgaria-Electricity, Gas and Water Supply",0.00112572503845
Bulgaria-Construction,-0.00959921463919
"Bulgaria-Sale, Maintenance and Repair of Motor Vehicles and Motorcycles; Retail Sale of Fuel",-0.000558815021051
"Bulgaria-Wholesale Trade and Commission Trade, Except of Motor Vehicles and Motorcycles",-0.00803623284494
"Bulgaria-Retail Trade, Except of Motor Vehicles and Motorcycles; Repair of Household Goods",-0.00397651919945
Bulgaria-Hotels and Restaurants,-0.00645826431273
Bulgaria-Inland Transport,-0.000221200170741
Bulgaria-Water Transport,3.87986049561e-05
Bulgaria-Air Transport,0.000678274276303
Bulgaria-Other Supporting and Auxiliary Transport Activities; Activities of Travel Agencies,-0.000372786457289
Bulgaria-Post and Telecommunications,-0.00534459973349
Bulgaria-Financial Intermediation,-0.00624178094723
Bulgaria-Real Estate Activities,-0.0386546047513
Bulgaria-Renting of M&Eq and Other Business Activities,-0.00343340435932
Bulgaria-Public Admin and Defence; Compulsory Social Security,-0.0167960887935
Bulgaria-Education,-0.00957911384052
Bulgaria-Health and Social Work,-0.00306202237827
"Bulgaria-Other Community, Social and Personal Services",-0.00596200470531
Bulgaria-Private Households with Employed Persons,8.66784826161e-05
"Brazil-Agriculture, Hunting, Forestry and Fishing",0.0152219522718
Brazil-Mining and Quarrying,-0.0149601261801
"Brazil-Food, Beverages and Tobacco",0.0100423807824
Brazil-Textiles and Textile Products,-0.00138600956425
"Brazil-Leather, Leather and Footwear",0.00309855166969
Brazil-Wood and Products of Wood and Cork,0.000981985792881
"Brazil-Pulp, Paper, Paper , Printing and Publishing",0.00290204470726
"Brazil-Coke, Refined Petroleum and Nuclear Fuel",0.0304157834027
Brazil-Chemicals and Chemical Products,0.0195308075263
Brazil-Rubber and Plastics,0.00520796249477
Brazil-Other Non-Metallic Mineral,-0.00170970144845
Brazil-Basic Metals and Fabricated Metal,0.00703822477357
"Brazil-Machinery, Nec",0.00957546546091
Brazil-Electrical and Optical Equipment,0.0259030487216
Brazil-Transport Equipment,0.0348145398337
"Brazil-Manufacturing, Nec; Recycling",-0.000473776613416
"Brazil-Electricity, Gas and Water Supply",-0.0115306985821
Brazil-Construction,-0.0291783716613
"Brazil-Sale, Maintenance and Repair of Motor Vehicles and Motorcycles; Retail Sale of Fuel",-0.00983222118258
"Brazil-Wholesale Trade and Commission Trade, Except of Motor Vehicles and Motorcycles",-0.0323593008558
"Brazil-Retail Trade, Except of Motor Vehicles and Motorcycles; Repair of Household Goods",-0.0484703462541
Brazil-Hotels and Restaurants,-0.0097600994039
Brazil-Inland Transport,-0.012222885007
Brazil-Water Transport,-0.00059823046229
Brazil-Air Transport,-0.00102126293133
Brazil-Other Supporting and Auxiliary Transport Activities; Activities of Travel Agencies,-0.00581549011593
Brazil-Post and Telecommunications,-0.00724599907591
Brazil-Financial Intermediation,-0.0570237924874
Brazil-Real Estate Activities,-0.0599636883748
Brazil-Renting of M&Eq and Other Business Activities,-0.0307369046656
Brazil-Public Admin and Defence; Compulsory Social Security,-0.0878015441949
Brazil-Education,-0.0416639913603
Brazil-Health and Social Work,-0.0169816071053
"Brazil-Other Community, Social and Personal Services",-0.018439982557
Brazil-Private Households with Employed Persons,8.66784821075e-05
"Canada-Agriculture, Hunting, Forestry and Fishing",0.0144539475315
Canada-Mining and Quarrying,0.0401276598509
"Canada-Food, Beverages and Tobacco",0.00109971147389
Canada-Textiles and Textile Products,0.00235891128442
"Canada-Leather, Leather and Footwear",0.000379569541957
Canada-Wood and Products of Wood and Cork,-0.00220422227796
"Canada-Pulp, Paper, Paper , Printing and Publishing",0.00516616327419
"Canada-Coke, Refined Petroleum and Nuclear Fuel",0.0133395582247
Canada-Chemicals and Chemical Products,0.0153823996366
Canada-Rubber and Plastics,0.00410416673704
Canada-Other Non-Metallic Mineral,-0.000838464115584
Canada-Basic Metals and Fabricated Metal,0.017706011978
"Canada-Machinery, Nec",0.0102794131693
Canada-Electrical and Optical Equipment,0.0125783456812
Canada-Transport Equipment,0.0364271438484
"Canada-Manufacturing, Nec; Recycling",0.00455906783269
"Canada-Electricity, Gas and Water Supply",-0.000659554545493
Canada-Construction,-0.0183182737417
"Canada-Sale, Maintenance and Repair of Motor Vehicles and Motorcycles; Retail Sale of Fuel",-0.00125943385273
"Canada-Wholesale Trade and Commission Trade, Except of Motor Vehicles and Motorcycles",-0.00618365426776
"Canada-Retail Trade, Except of Motor Vehicles and Motorcycles; Repair of Household Goods",-0.0180931575156
Canada-Hotels and Restaurants,0.00820324108191
Canada-Inland Transport,-0.00108625703639
Canada-Water Transport,0.000349669946345
Canada-Air Transport,0.00262157721144
Canada-Other Supporting and Auxiliary Transport Activities; Activities of Travel Agencies,-0.000929141347051
Canada-Post and Telecommunications,-0.00373483390706
Canada-Financial Intermediation,-0.0209673860567
Canada-Real Estate Activities,-0.0331365590107
Canada-Renting of M&Eq and Other Business Activities,-0.00801802147852
Canada-Public Admin and Defence; Compulsory Social Security,-0.0405453712162
Canada-Education,-0.0191914640467
Canada-Health and Social Work,-0.0202868226195
"Canada-Other Community, Social and Personal Services",-0.00826686013951
Canada-Private Households with Employed Persons,-0.000525264249676
"China-Agriculture, Hunting, Forestry and Fishing",0.000816407373458
China-Mining and Quarrying,-0.0251763186675
"China-Food, Beverages and Tobacco",0.0184644006877
China-Textiles and Textile Products,0.260632183737
"China-Leather, Leather and Footwear",0.0527019256007
China-Wood and Products of Wood and Cork,0.00949332887698
"China-Pulp, Paper, Paper , Printing and Publishing",0.00979827566964
"China-Coke, Refined Petroleum and Nuclear Fuel",0.0545282247126
China-Chemicals and Chemical Products,0.136876882918
China-Rubber and Plastics,0.0649815786553
China-Other Non-Metallic Mineral,0.0183672658749
China-Basic Metals and Fabricated Metal,0.137463011119
"China-Machinery, Nec",0.162454545124
China-Electrical and Optical Equipment,0.636916396683
China-Transport Equipment,0.0807110193969
"China-Manufacturing, Nec; Recycling",0.100439385735
"China-Electricity, Gas and Water Supply",-0.00414227856824
China-Construction,-0.0192130431906
"China-Sale, Maintenance and Repair of Motor Vehicles and Motorcycles; Retail Sale of Fuel",8.66784828408e-05
"China-Wholesale Trade and Commission Trade, Except of Motor Vehicles and Motorcycles",0.0119520001389
"China-Retail Trade, Except of Motor Vehicles and Motorcycles; Repair of Household Goods",0.0121671779082
China-Hotels and Restaurants,0.0194857006959
China-Inland Transport,0.0196443616933
China-Water Transport,0.0316166022104
China-Air Transport,0.0404831693875
China-Other Supporting and Auxiliary Transport Activities; Activities of Travel Agencies,0.00330984664679
China-Post and Telecommunications,0.012994693454
China-Financial Intermediation,-0.0156543659078
China-Real Estate Activities,-0.020957439917
China-Renting of M&Eq and Other Business Activities,0.0440077215917
China-Public Admin and Defence; Compulsory Social Security,-0.0188612552703
China-Education,-0.0118035196383
China-Health and Social Work,-0.000240425236879
"China-Other Community, Social and Personal Services",0.0154559859522
China-Private Households with Employed Persons,8.6678482486e-05
"Cyprus-Agriculture, Hunting, Forestry and Fishing",-0.000788577429976
Cyprus-Mining and Quarrying,5.73963973792e-05
"Cyprus-Food, Beverages and Tobacco",-0.00231435563483
Cyprus-Textiles and Textile Products,0.000250969915526
"Cyprus-Leather, Leather and Footwear",8.05821558272e-05
Cyprus-Wood and Products of Wood and Cork,-0.00064693263487
"Cyprus-Pulp, Paper, Paper , Printing and Publishing",-0.000476451792598
"Cyprus-Coke, Refined Petroleum and Nuclear Fuel",8.6678482344e-05
Cyprus-Chemicals and Chemical Products,0.00127220341479
Cyprus-Rubber and Plastics,0.000964964933996
Cyprus-Other Non-Metallic Mineral,-0.00384708281165
Cyprus-Basic Metals and Fabricated Metal,0.00363108508888
"Cyprus-Machinery, Nec",0.000765941343082
Cyprus-Electrical and Optical Equipment,0.000914562157417
Cyprus-Transport Equipment,0.00019609155781
"Cyprus-Manufacturing, Nec; Recycling",-7.91155266123e-05
"Cyprus-Electricity, Gas and Water Supply",0.022947878785
Cyprus-Construction,-0.0158604550977
"Cyprus-Sale, Maintenance and Repair of Motor Vehicles and Motorcycles; Retail Sale of Fuel",-0.00497972905259
"Cyprus-Wholesale Trade and Commission Trade, Except of Motor Vehicles and Motorcycles",-0.00606924560262
"Cyprus-Retail Trade, Except of Motor Vehicles and Motorcycles; Repair of Household Goods",-0.0129913855576
Cyprus-Hotels and Restaurants,-0.0198300554864
Cyprus-Inland Transport,0.000118524938648
Cyprus-Water Transport,0.000196748403691
Cyprus-Air Transport,0.00504684507062
Cyprus-Other Supporting and Auxiliary Transport Activities; Activities of Travel Agencies,-0.000796237419723
Cyprus-Post and Telecommunications,-0.0044468021152
Cyprus-Financial Intermediation,-0.0209279656379
Cyprus-Real Estate Activities,-0.0460373221283
Cyprus-Renting of M&Eq and Other Business Activities,-0.0121399663013
Cyprus-Public Admin and Defence; Compulsory Social Security,-0.0189628008391
Cyprus-Education,-0.0176439200004
Cyprus-Health and Social Work,-0.00409463297988
"Cyprus-Other Community, Social and Personal Services",-0.012958036607
Cyprus-Private Households with Employed Persons,-0.00305393520068
"Czech Republic-Agriculture, Hunting, Forestry and Fishing",0.00489041361885
Czech Republic-Mining and Quarrying,0.00387766884746
"Czech Republic-Food, Beverages and Tobacco",0.00459128004932
Czech Republic-Textiles and Textile Products,0.00500638745981
"Czech Republic-Leather, Leather and Footwear",0.00103241699983
Czech Republic-Wood and Products of Wood and Cork,0.00316956864242
"Czech Republic-Pulp, Paper, Paper , Printing and Publishing",0.00593592853674
"Czech Republic-Coke, Refined Petroleum and Nuclear Fuel",0.00673925646186
Czech Republic-Chemicals and Chemical Products,0.0134001049035
Czech Republic-Rubber and Plastics,0.00970444381038
Czech Republic-Other Non-Metallic Mineral,0.00588692055267
Czech Republic-Basic Metals and Fabricated Metal,0.0151023558486
"Czech Republic-Machinery, Nec",0.0172353298256
Czech Republic-Electrical and Optical Equipment,0.0333604671366
Czech Republic-Transport Equipment,0.0355472752914
"Czech Republic-Manufacturing, Nec; Recycling",0.0067852279712
"Czech Republic-Electricity, Gas and Water Supply",-0.00405179346792
Czech Republic-Construction,-0.0166591424949
"Czech Republic-Sale, Maintenance and Repair of Motor Vehicles and Motorcycles; Retail Sale of Fuel",2.25598942694e-05
"Czech Republic-Wholesale Trade and Commission Trade, Except of Motor Vehicles and Motorcycles",-0.00412493730947
"Czech Republic-Retail Trade, Except of Motor Vehicles and Motorcycles; Repair of Household Goods",-0.00517194657904
Czech Republic-Hotels and Restaurants,0.00674207305184
Czech Republic-Inland Transport,0.000716489519333
Czech Republic-Water Transport,0.000121251931224
Czech Republic-Air Transport,0.00337197210644
Czech Republic-Other Supporting and Auxiliary Transport Activities; Activities of Travel Agencies,-0.00624009063567
Czech Republic-Post and Telecommunications,-0.00203731215143
Czech Republic-Financial Intermediation,-0.00969041014388
Czech Republic-Real Estate Activities,-0.0168069609334
Czech Republic-Renting of M&Eq and Other Business Activities,7.06162271751e-06
Czech Republic-Public Admin and Defence; Compulsory Social Security,-0.0177612794315
Czech Republic-Education,-0.0105792498143
Czech Republic-Health and Social Work,-0.00787166490723
"Czech Republic-Other Community, Social and Personal Services",-0.0047795803753
Czech Republic-Private Households with Employed Persons,7.29919542685e-05
"Germany-Agriculture, Hunting, Forestry and Fishing",0.0206814692717
Germany-Mining and Quarrying,0.00331050890364
"Germany-Food, Beverages and Tobacco",0.139960448644
Germany-Textiles and Textile Products,0.0563766865702
"Germany-Leather, Leather and Footwear",0.0100928442111
Germany-Wood and Products of Wood and Cork,0.0157599303058
"Germany-Pulp, Paper, Paper , Printing and Publishing",0.0590871828194
"Germany-Coke, Refined Petroleum and Nuclear Fuel",0.0300711687138
Germany-Chemicals and Chemical Products,0.20880771572
Germany-Rubber and Plastics,0.0657397724765
Germany-Other Non-Metallic Mineral,0.030453088585
Germany-Basic Metals and Fabricated Metal,0.153187456345
"Germany-Machinery, Nec",0.254887563897
Germany-Electrical and Optical Equipment,0.229634923126
Germany-Transport Equipment,0.353663719343
"Germany-Manufacturing, Nec; Recycling",0.0471711223286
"Germany-Electricity, Gas and Water Supply",0.0211661650957
Germany-Construction,-0.00505440754119
"Germany-Sale, Maintenance and Repair of Motor Vehicles and Motorcycles; Retail Sale of Fuel",-0.00405629184026
"Germany-Wholesale Trade and Commission Trade, Except of Motor Vehicles and Motorcycles",-0.0030781491596
"Germany-Retail Trade, Except of Motor Vehicles and Motorcycles; Repair of Household Goods",-0.0140615005884
Germany-Hotels and Restaurants,0.00841425873366
Germany-Inland Transport,0.000114681686259
Germany-Water Transport,0.00368371667188
Germany-Air Transport,0.0100869233628
Germany-Other Supporting and Auxiliary Transport Activities; Activities of Travel Agencies,0.0137754249404
Germany-Post and Telecommunications,0.00587961641308
Germany-Financial Intermediation,-0.00777845130352
Germany-Real Estate Activities,-0.0381691638129
Germany-Renting of M&Eq and Other Business Activities,0.0360361814169
Germany-Public Admin and Defence; Compulsory Social Security,-0.0195299461196
Germany-Education,-0.0177864915654
Germany-Health and Social Work,-0.0309216375925
"Germany-Other Community, Social and Personal Services",-0.0143233156795
Germany-Private Households with Employed Persons,-0.00114956430594
"Denmark-Agriculture, Hunting, Forestry and Fishing",0.00422895193169
Denmark-Mining and Quarrying,-0.00601275742834
"Denmark-Food, Beverages and Tobacco",0.0258235815302
Denmark-Textiles and Textile Products,0.0028383490774
"Denmark-Leather, Leather and Footwear",0.000216383668254
Denmark-Wood and Products of Wood and Cork,0.00100185150137
"Denmark-Pulp, Paper, Paper , Printing and Publishing",0.00157979851071
"Denmark-Coke, Refined Petroleum and Nuclear Fuel",0.00496910349353
Denmark-Chemicals and Chemical Products,0.0166347688137
Denmark-Rubber and Plastics,0.00333400115291
Denmark-Other Non-Metallic Mineral,0.00155899867248
Denmark-Basic Metals and Fabricated Metal,0.00649135051049
"Denmark-Machinery, Nec",0.0197682872171
Denmark-Electrical and Optical Equipment,0.0166421074077
Denmark-Transport Equipment,0.00279865656793
"Denmark-Manufacturing, Nec; Recycling",0.00727417381338
"Denmark-Electricity, Gas and Water Supply",-0.000386739645137
Denmark-Construction,0.000365543736889
"Denmark-Sale, Maintenance and Repair of Motor Vehicles and Motorcycles; Retail Sale of Fuel",-0.00183533561594
"Denmark-Wholesale Trade and Commission Trade, Except of Motor Vehicles and Motorcycles",-0.00766192015834
"Denmark-Retail Trade, Except of Motor Vehicles and Motorcycles; Repair of Household Goods",-0.0119700229319
Denmark-Hotels and Restaurants,-0.0039377724014
Denmark-Inland Transport,0.00397668356851
Denmark-Water Transport,0.00471304144212
Denmark-Air Transport,0.00306798400006
Denmark-Other Supporting and Auxiliary Transport Activities; Activities of Travel Agencies,0.0029405697572
Denmark-Post and Telecommunications,-0.00175694142771
Denmark-Financial Intermediation,-0.0192163189583
Denmark-Real Estate Activities,-0.0475199328327
Denmark-Renting of M&Eq and Other Business Activities,-0.0152932461912
Denmark-Public Admin and Defence; Compulsory Social Security,-0.0225790167533
Denmark-Education,-0.0267169347192
Denmark-Health and Social Work,-0.0449763326331
"Denmark-Other Community, Social and Personal Services",-0.0120754094582
Denmark-Private Households with Employed Persons,-0.00044506538635
"Spain-Agriculture, Hunting, Forestry and Fishing",0.0170608825097
Spain-Mining and Quarrying,0.00335280716222
"Spain-Food, Beverages and Tobacco",0.0440267369113
Spain-Textiles and Textile Products,0.0362564751931
"Spain-Leather, Leather and Footwear",0.00759816666852
Spain-Wood and Products of Wood and Cork,0.00411131364906
"Spain-Pulp, Paper, Paper , Printing and Publishing",0.0100282458107
"Spain-Coke, Refined Petroleum and Nuclear Fuel",0.0685914449199
Spain-Chemicals and Chemical Products,0.0530520689715
Spain-Rubber and Plastics,0.0140904381345
Spain-Other Non-Metallic Mineral,0.0146305061963
Spain-Basic Metals and Fabricated Metal,0.0402960515485
"Spain-Machinery, Nec",0.0285994073812
Spain-Electrical and Optical Equipment,0.0327830456279
Spain-Transport Equipment,0.0694830385246
"Spain-Manufacturing, Nec; Recycling",0.00928223807682
"Spain-Electricity, Gas and Water Supply",0.0159164778718
Spain-Construction,-0.050651417524
"Spain-Sale, Maintenance and Repair of Motor Vehicles and Motorcycles; Retail Sale of Fuel",0.00209049307815
"Spain-Wholesale Trade and Commission Trade, Except of Motor Vehicles and Motorcycles",-0.0128929323914
"Spain-Retail Trade, Except of Motor Vehicles and Motorcycles; Repair of Household Goods",-0.0199449812958
Spain-Hotels and Restaurants,-0.039630654223
Spain-Inland Transport,0.00260001926459
Spain-Water Transport,0.000330808460375
Spain-Air Transport,0.00894671546674
Spain-Other Supporting and Auxiliary Transport Activities; Activities of Travel Agencies,-0.00202413663959
Spain-Post and Telecommunications,-0.00212886742156
Spain-Financial Intermediation,-0.00519559555655
Spain-Real Estate Activities,-0.0471413280141
Spain-Renting of M&Eq and Other Business Activities,0.0174991164061
Spain-Public Admin and Defence; Compulsory Social Security,-0.0263540244113
Spain-Education,-0.0234103026603
Spain-Health and Social Work,-0.0212951945189
"Spain-Other Community, Social and Personal Services",-0.014491403849
Spain-Private Households with Employed Persons,8.66784821075e-05
"Estonia-Agriculture, Hunting, Forestry and Fishing",0.000551106092361
Estonia-Mining and Quarrying,-0.00121059917427
"Estonia-Food, Beverages and Tobacco",0.00548322650644
Estonia-Textiles and Textile Products,0.00297978981779
"Estonia-Leather, Leather and Footwear",0.000555525699992
Estonia-Wood and Products of Wood and Cork,0.00153101007496
"Estonia-Pulp, Paper, Paper , Printing and Publishing",0.00146754009947
"Estonia-Coke, Refined Petroleum and Nuclear Fuel",0.000687372899007
Estonia-Chemicals and Chemical Products,0.00237254453942
Estonia-Rubber and Plastics,0.00251459239835
Estonia-Other Non-Metallic Mineral,0.00129100181007
Estonia-Basic Metals and Fabricated Metal,0.00377436063144
"Estonia-Machinery, Nec",0.00187638551108
Estonia-Electrical and Optical Equipment,0.00411556275576
Estonia-Transport Equipment,0.00168337653007
"Estonia-Manufacturing, Nec; Recycling",0.00226784061607
"Estonia-Electricity, Gas and Water Supply",-0.000794802047614
Estonia-Construction,-0.00840676679458
"Estonia-Sale, Maintenance and Repair of Motor Vehicles and Motorcycles; Retail Sale of Fuel",-0.00392675387629
"Estonia-Wholesale Trade and Commission Trade, Except of Motor Vehicles and Motorcycles",-0.0126028024035
"Estonia-Retail Trade, Except of Motor Vehicles and Motorcycles; Repair of Household Goods",-0.0118248224715
Estonia-Hotels and Restaurants,-0.00582262450611
Estonia-Inland Transport,-0.00331620690136
Estonia-Water Transport,0.000369529656689
Estonia-Air Transport,0.000604273210408
Estonia-Other Supporting and Auxiliary Transport Activities; Activities of Travel Agencies,-0.000128081554334
Estonia-Post and Telecommunications,-0.00280100574814
Estonia-Financial Intermediation,-0.00585958623832
Estonia-Real Estate Activities,-0.0276156070164
Estonia-Renting of M&Eq and Other Business Activities,-0.00537523370235
Estonia-Public Admin and Defence; Compulsory Social Security,-0.0256513393888
Estonia-Education,-0.0178670206801
Estonia-Health and Social Work,-0.0101658150083
"Estonia-Other Community, Social and Personal Services",-0.0106490743913
Estonia-Private Households with Employed Persons,8.66784830419e-05
"Finland-Agriculture, Hunting, Forestry and Fishing",-0.000204707047559
Finland-Mining and Quarrying,0.000113371428343
"Finland-Food, Beverages and Tobacco",0.00332766783663
Finland-Textiles and Textile Products,0.00234183923381
"Finland-Leather, Leather and Footwear",0.000962453010176
Finland-Wood and Products of Wood and Cork,0.000189423987694
"Finland-Pulp, Paper, Paper , Printing and Publishing",0.0149700598268
"Finland-Coke, Refined Petroleum and Nuclear Fuel",0.0424474153042
Finland-Chemicals and Chemical Products,0.013226608353
Finland-Rubber and Plastics,0.00457114396521
Finland-Other Non-Metallic Mineral,0.001728085458
Finland-Basic Metals and Fabricated Metal,0.0187487710745
"Finland-Machinery, Nec",0.0195085443904
Finland-Electrical and Optical Equipment,0.0272770700077
Finland-Transport Equipment,0.00368765582128
"Finland-Manufacturing, Nec; Recycling",0.00201544579068
"Finland-Electricity, Gas and Water Supply",0.0035534070453
Finland-Construction,-0.0157512569565
"Finland-Sale, Maintenance and Repair of Motor Vehicles and Motorcycles; Retail Sale of Fuel",-0.00449190304245
"Finland-Wholesale Trade and Commission Trade, Except of Motor Vehicles and Motorcycles",-0.00863870199997
"Finland-Retail Trade, Except of Motor Vehicles and Motorcycles; Repair of Household Goods",-0.0100189574064
Finland-Hotels and Restaurants,-0.0063704723232
Finland-Inland Transport,-0.00073451921716
Finland-Water Transport,0.00140583889092
Finland-Air Transport,0.00386364262671
Finland-Other Supporting and Auxiliary Transport Activities; Activities of Travel Agencies,-0.00331553321642
Finland-Post and Telecommunications,-0.00279488960501
Finland-Financial Intermediation,-0.00642129113473
Finland-Real Estate Activities,-0.0456595339109
Finland-Renting of M&Eq and Other Business Activities,0.000853048283854
Finland-Public Admin and Defence; Compulsory Social Security,-0.015448695289
Finland-Education,-0.0203696066849
Finland-Health and Social Work,-0.0365761001742
"Finland-Other Community, Social and Personal Services",-0.013820027347
Finland-Private Households with Employed Persons,-0.000266006741739
"France-Agriculture, Hunting, Forestry and Fishing",0.0262831026277
France-Mining and Quarrying,0.00235123032076
"France-Food, Beverages and Tobacco",0.0576681587695
France-Textiles and Textile Products,0.0242364709905
"France-Leather, Leather and Footwear",0.00492776024676
France-Wood and Products of Wood and Cork,0.00271868180712
"France-Pulp, Paper, Paper , Printing and Publishing",0.0124135551123
"France-Coke, Refined Petroleum and Nuclear Fuel",0.0707175279887
France-Chemicals and Chemical Products,0.106557118287
France-Rubber and Plastics,0.0182554863121
France-Other Non-Metallic Mineral,0.00872026256777
France-Basic Metals and Fabricated Metal,0.0358165988512
"France-Machinery, Nec",0.0578025150517
France-Electrical and Optical Equipment,0.0710760578242
France-Transport Equipment,0.105361782824
"France-Manufacturing, Nec; Recycling",0.0169414083165
"France-Electricity, Gas and Water Supply",0.00762979833557
France-Construction,-0.0258192738276
"France-Sale, Maintenance and Repair of Motor Vehicles and Motorcycles; Retail Sale of Fuel",-0.00512460504095
"France-Wholesale Trade and Commission Trade, Except of Motor Vehicles and Motorcycles",-0.0210116271466
"France-Retail Trade, Except of Motor Vehicles and Motorcycles; Repair of Household Goods",-0.0173888411404
France-Hotels and Restaurants,-0.0132477116639
France-Inland Transport,-0.00275688192648
France-Water Transport,0.00118424782753
France-Air Transport,0.0140881172988
France-Other Supporting and Auxiliary Transport Activities; Activities of Travel Agencies,0.00589786712587
France-Post and Telecommunications,0.00317355381487
France-Financial Intermediation,-0.0226093957299
France-Real Estate Activities,-0.0683947063672
France-Renting of M&Eq and Other Business Activities,0.0104546809067
France-Public Admin and Defence; Compulsory Social Security,-0.0357652956199
France-Education,-0.0251371891885
France-Health and Social Work,-0.0394204750883
"France-Other Community, Social and Personal Services",-0.0134288568002
France-Private Households with Employed Persons,-0.00250145280541
"UK-Agriculture, Hunting, Forestry and Fishing",0.00308369932329
UK-Mining and Quarrying,0.010392190479
"UK-Food, Beverages and Tobacco",0.0385351351032
UK-Textiles and Textile Products,0.0263049825976
"UK-Leather, Leather and Footwear",0.00303930773554
UK-Wood and Products of Wood and Cork,0.00162604987836
"UK-Pulp, Paper, Paper , Printing and Publishing",0.0117878162457
"UK-Coke, Refined Petroleum and Nuclear Fuel",0.0446523035256
UK-Chemicals and Chemical Products,0.0732383469741
UK-Rubber and Plastics,0.0126171229399
UK-Other Non-Metallic Mineral,0.00652675721012
UK-Basic Metals and Fabricated Metal,0.0321126177893
"UK-Machinery, Nec",0.0445946080529
UK-Electrical and Optical Equipment,0.0502863798331
UK-Transport Equipment,0.0776970576999
"UK-Manufacturing, Nec; Recycling",0.0196513571027
"UK-Electricity, Gas and Water Supply",0.00946156855994
UK-Construction,-0.0185870436523
"UK-Sale, Maintenance and Repair of Motor Vehicles and Motorcycles; Retail Sale of Fuel",-0.00505555228167
"UK-Wholesale Trade and Commission Trade, Except of Motor Vehicles and Motorcycles",-0.0159168161674
"UK-Retail Trade, Except of Motor Vehicles and Motorcycles; Repair of Household Goods",-0.0193187389824
UK-Hotels and Restaurants,0.0108880137146
UK-Inland Transport,-0.0047811402078
UK-Water Transport,0.00214700630415
UK-Air Transport,0.00880490868353
UK-Other Supporting and Auxiliary Transport Activities; Activities of Travel Agencies,0.000383319582125
UK-Post and Telecommunications,0.0142046308126
UK-Financial Intermediation,0.0532041808591
UK-Real Estate Activities,-0.0418745941009
UK-Renting of M&Eq and Other Business Activities,0.0541033505799
UK-Public Admin and Defence; Compulsory Social Security,-0.00929234564393
UK-Education,-0.015884618089
UK-Health and Social Work,-0.0289568448431
"UK-Other Community, Social and Personal Services",0.00522206635442
UK-Private Households with Employed Persons,-0.00168754311152
"Greece-Agriculture, Hunting, Forestry and Fishing",-0.00205469634149
Greece-Mining and Quarrying,-0.00137651875387
"Greece-Food, Beverages and Tobacco",-0.00213732254966
Greece-Textiles and Textile Products,0.00294463958403
"Greece-Leather, Leather and Footwear",0.000562747767977
Greece-Wood and Products of Wood and Cork,0.00025969164372
"Greece-Pulp, Paper, Paper , Printing and Publishing",0.000976843912014
"Greece-Coke, Refined Petroleum and Nuclear Fuel",0.041892147312
Greece-Chemicals and Chemical Products,0.0104709555409
Greece-Rubber and Plastics,0.00239223574335
Greece-Other Non-Metallic Mineral,-0.00113311312617
Greece-Basic Metals and Fabricated Metal,0.00964198246707
"Greece-Machinery, Nec",0.00545387657564
Greece-Electrical and Optical Equipment,0.00281452861271
Greece-Transport Equipment,0.00202330157471
"Greece-Manufacturing, Nec; Recycling",0.00074307152285
"Greece-Electricity, Gas and Water Supply",-0.00583750958035
Greece-Construction,-0.00930173037947
"Greece-Sale, Maintenance and Repair of Motor Vehicles and Motorcycles; Retail Sale of Fuel",-0.010275728724
"Greece-Wholesale Trade and Commission Trade, Except of Motor Vehicles and Motorcycles",-0.0262798914574
"Greece-Retail Trade, Except of Motor Vehicles and Motorcycles; Repair of Household Goods",-0.0208796465931
Greece-Hotels and Restaurants,-0.0312326042767
Greece-Inland Transport,0.00148590953644
Greece-Water Transport,0.00258383548416
Greece-Air Transport,0.00313811006307
Greece-Other Supporting and Auxiliary Transport Activities; Activities of Travel Agencies,-0.000327927059576
Greece-Post and Telecommunications,-0.00561020648568
Greece-Financial Intermediation,-0.0197559808101
Greece-Real Estate Activities,-0.0399635817299
Greece-Renting of M&Eq and Other Business Activities,-0.0100248434601
Greece-Public Admin and Defence; Compulsory Social Security,-0.0367239519529
Greece-Education,-0.0266078174969
Greece-Health and Social Work,-0.00288455319926
"Greece-Other Community, Social and Personal Services",-0.0186292077785
Greece-Private Households with Employed Persons,-0.00333704469991
"Hungary-Agriculture, Hunting, Forestry and Fishing",0.00145540252403
Hungary-Mining and Quarrying,0.000403151216077
"Hungary-Food, Beverages and Tobacco",0.000178136609975
Hungary-Textiles and Textile Products,0.00149217247219
"Hungary-Leather, Leather and Footwear",0.00127119519791
Hungary-Wood and Products of Wood and Cork,0.000731816137292
"Hungary-Pulp, Paper, Paper , Printing and Publishing",0.00290981252676
"Hungary-Coke, Refined Petroleum and Nuclear Fuel",0.0132047334325
Hungary-Chemicals and Chemical Products,0.0202038872477
Hungary-Rubber and Plastics,0.00580251792448
Hungary-Other Non-Metallic Mineral,0.00173471587521
Hungary-Basic Metals and Fabricated Metal,0.00687296307048
"Hungary-Machinery, Nec",0.0136757219658
Hungary-Electrical and Optical Equipment,0.0321309766887
Hungary-Transport Equipment,0.0135622551302
"Hungary-Manufacturing, Nec; Recycling",0.00122896789606
"Hungary-Electricity, Gas and Water Supply",0.00834495979578
Hungary-Construction,-0.00226177585223
"Hungary-Sale, Maintenance and Repair of Motor Vehicles and Motorcycles; Retail Sale of Fuel",-0.000579651578189
"Hungary-Wholesale Trade and Commission Trade, Except of Motor Vehicles and Motorcycles",-0.00238540834313
"Hungary-Retail Trade, Except of Motor Vehicles and Motorcycles; Repair of Household Goods",-0.00494683032076
Hungary-Hotels and Restaurants,-0.0023704155476
Hungary-Inland Transport,0.00108665317404
Hungary-Water Transport,0.000133067990262
Hungary-Air Transport,0.00236257993793
Hungary-Other Supporting and Auxiliary Transport Activities; Activities of Travel Agencies,0.000689824185605
Hungary-Post and Telecommunications,-0.00232272642157
Hungary-Financial Intermediation,-0.00812497355774
Hungary-Real Estate Activities,-0.0162455554331
Hungary-Renting of M&Eq and Other Business Activities,0.000417277250115
Hungary-Public Admin and Defence; Compulsory Social Security,-0.0181330911892
Hungary-Education,-0.0103762834798
Hungary-Health and Social Work,-0.0068709394977
"Hungary-Other Community, Social and Personal Services",-0.00535212564264
Hungary-Private Households with Employed Persons,8.66784826515e-05
"Indonesia-Agriculture, Hunting, Forestry and Fishing",-0.0526177129698
Indonesia-Mining and Quarrying,-0.00628377011585
"Indonesia-Food, Beverages and Tobacco",-0.0327703992769
Indonesia-Textiles and Textile Products,0.0253546847429
"Indonesia-Leather, Leather and Footwear",0.0036163025022
Indonesia-Wood and Products of Wood and Cork,-0.00521601235259
"Indonesia-Pulp, Paper, Paper , Printing and Publishing",0.00511948157929
"Indonesia-Coke, Refined Petroleum and Nuclear Fuel",0.00884885243746
Indonesia-Chemicals and Chemical Products,0.00358392770161
Indonesia-Rubber and Plastics,0.00759759254867
Indonesia-Other Non-Metallic Mineral,-0.00488562690959
Indonesia-Basic Metals and Fabricated Metal,0.00533396985077
"Indonesia-Machinery, Nec",0.00698749127557
Indonesia-Electrical and Optical Equipment,0.0225793620018
Indonesia-Transport Equipment,-0.00170887812061
"Indonesia-Manufacturing, Nec; Recycling",0.00255115029699
"Indonesia-Electricity, Gas and Water Supply",0.000246535805295
Indonesia-Construction,-0.027121520348
"Indonesia-Sale, Maintenance and Repair of Motor Vehicles and Motorcycles; Retail Sale of Fuel",8.66784826515e-05
"Indonesia-Wholesale Trade and Commission Trade, Except of Motor Vehicles and Motorcycles",-0.0390958927005
"Indonesia-Retail Trade, Except of Motor Vehicles and Motorcycles; Repair of Household Goods",-0.0267731733153
Indonesia-Hotels and Restaurants,-0.00993913681882
Indonesia-Inland Transport,0.00635088352534
Indonesia-Water Transport,0.00393206248562
Indonesia-Air Transport,-0.00109373170211
Indonesia-Other Supporting and Auxiliary Transport Activities; Activities of Travel Agencies,0.000993811168715
Indonesia-Post and Telecommunications,-0.0135323294475
Indonesia-Financial Intermediation,-0.0153836805579
Indonesia-Real Estate Activities,-0.00632906414082
Indonesia-Renting of M&Eq and Other Business Activities,-0.0045997546566
Indonesia-Public Admin and Defence; Compulsory Social Security,-0.011262355533
Indonesia-Education,-0.00693703237344
Indonesia-Health and Social Work,-0.00225008290747
"Indonesia-Other Community, Social and Personal Services",-0.0129090057484
Indonesia-Private Households with Employed Persons,8.66784826752e-05
"India-Agriculture, Hunting, Forestry and Fishing",-0.0775236591011
India-Mining and Quarrying,-0.0133937201393
"India-Food, Beverages and Tobacco",-0.0196232240402
India-Textiles and Textile Products,0.0244128142152
"India-Leather, Leather and Footwear",0.00114028131036
India-Wood and Products of Wood and Cork,-0.000109292112231
"India-Pulp, Paper, Paper , Printing and Publishing",-0.000158089846684
"India-Coke, Refined Petroleum and Nuclear Fuel",0.0699091397883
India-Chemicals and Chemical Products,0.0219989590943
India-Rubber and Plastics,0.00209697090354
India-Other Non-Metallic Mineral,-0.00346562610652
India-Basic Metals and Fabricated Metal,0.0102537652317
"India-Machinery, Nec",0.00835619151071
India-Electrical and Optical Equipment,0.0228136408027
India-Transport Equipment,0.0138532407164
"India-Manufacturing, Nec; Recycling",0.0677820948251
"India-Electricity, Gas and Water Supply",-0.00467316218373
India-Construction,-0.011117707438
"India-Sale, Maintenance and Repair of Motor Vehicles and Motorcycles; Retail Sale of Fuel",-0.00445534124244
"India-Wholesale Trade and Commission Trade, Except of Motor Vehicles and Motorcycles",-0.0352863422566
"India-Retail Trade, Except of Motor Vehicles and Motorcycles; Repair of Household Goods",-0.0578094366948
India-Hotels and Restaurants,0.00779792838693
India-Inland Transport,0.00542741442022
India-Water Transport,-0.000660573197773
India-Air Transport,0.00141763371475
India-Other Supporting and Auxiliary Transport Activities; Activities of Travel Agencies,-0.00317110219106
India-Post and Telecommunications,-0.00270405816073
India-Financial Intermediation,-0.0316439981705
India-Real Estate Activities,-0.0362083580829
India-Renting of M&Eq and Other Business Activities,0.0298920223246
India-Public Admin and Defence; Compulsory Social Security,-0.0371446907516
India-Education,-0.0231764907045
India-Health and Social Work,-0.00522852633662
"India-Other Community, Social and Personal Services",0.00309105700916
India-Private Households with Employed Persons,-0.000149886090876
"Ireland-Agriculture, Hunting, Forestry and Fishing",2.78331043971e-05
Ireland-Mining and Quarrying,0.00122053773562
"Ireland-Food, Beverages and Tobacco",0.0175100869182
Ireland-Textiles and Textile Products,0.000782164374041
"Ireland-Leather, Leather and Footwear",0.000222735988841
Ireland-Wood and Products of Wood and Cork,0.000701575085407
"Ireland-Pulp, Paper, Paper , Printing and Publishing",0.022804991878
"Ireland-Coke, Refined Petroleum and Nuclear Fuel",0.00226078633682
Ireland-Chemicals and Chemical Products,0.0323564395045
Ireland-Rubber and Plastics,0.00143497438672
Ireland-Other Non-Metallic Mineral,0.000372873955299
Ireland-Basic Metals and Fabricated Metal,0.00276952170526
"Ireland-Machinery, Nec",0.00205675456993
Ireland-Electrical and Optical Equipment,0.0207005280548
Ireland-Transport Equipment,0.00156078630967
"Ireland-Manufacturing, Nec; Recycling",0.000945104661133
"Ireland-Electricity, Gas and Water Supply",0.000642141405161
Ireland-Construction,-0.0102125999679
"Ireland-Sale, Maintenance and Repair of Motor Vehicles and Motorcycles; Retail Sale of Fuel",3.49447905856e-05
"Ireland-Wholesale Trade and Commission Trade, Except of Motor Vehicles and Motorcycles",0.0016425141959
"Ireland-Retail Trade, Except of Motor Vehicles and Motorcycles; Repair of Household Goods",-0.00230609017783
Ireland-Hotels and Restaurants,0.00502506020724
Ireland-Inland Transport,0.00210040131609
Ireland-Water Transport,0.000200709698297
Ireland-Air Transport,0.00619936696185
Ireland-Other Supporting and Auxiliary Transport Activities; Activities of Travel Agencies,0.00521231749255
Ireland-Post and Telecommunications,1.64305094477e-05
Ireland-Financial Intermediation,0.0109302644219
Ireland-Real Estate Activities,-0.012160548415
Ireland-Renting of M&Eq and Other Business Activities,0.0293053534263
Ireland-Public Admin and Defence; Compulsory Social Security,-0.015326840531
Ireland-Education,-0.0154464270535
Ireland-Health and Social Work,-0.0219039867972
"Ireland-Other Community, Social and Personal Services",-0.00268488688064
Ireland-Private Households with Employed Persons,-0.000118980893125
"Italy-Agriculture, Hunting, Forestry and Fishing",0.00955690001788
Italy-Mining and Quarrying,0.00138517490727
"Italy-Food, Beverages and Tobacco",0.0427512090224
Italy-Textiles and Textile Products,0.0531712058129
"Italy-Leather, Leather and Footwear",0.0277144744232
Italy-Wood and Products of Wood and Cork,0.00510149713071
"Italy-Pulp, Paper, Paper , Printing and Publishing",0.0120931112269
"Italy-Coke, Refined Petroleum and Nuclear Fuel",0.0963445356983
Italy-Chemicals and Chemical Products,0.0688750134817
Italy-Rubber and Plastics,0.0228771859301
Italy-Other Non-Metallic Mineral,0.0204690430729
Italy-Basic Metals and Fabricated Metal,0.0772721011746
"Italy-Machinery, Nec",0.125653894259
Italy-Electrical and Optical Equipment,0.0525956400423
Italy-Transport Equipment,0.0565231976056
"Italy-Manufacturing, Nec; Recycling",0.0373835188967
"Italy-Electricity, Gas and Water Supply",0.045543692117
Italy-Construction,-0.0240335557359
"Italy-Sale, Maintenance and Repair of Motor Vehicles and Motorcycles; Retail Sale of Fuel",-0.00590180344349
"Italy-Wholesale Trade and Commission Trade, Except of Motor Vehicles and Motorcycles",-0.00555658354079
"Italy-Retail Trade, Except of Motor Vehicles and Motorcycles; Repair of Household Goods",-0.000882193878084
Italy-Hotels and Restaurants,-0.0213263619422
Italy-Inland Transport,-0.00385921086731
Italy-Water Transport,0.000488173027773
Italy-Air Transport,0.00556771686682
Italy-Other Supporting and Auxiliary Transport Activities; Activities of Travel Agencies,0.0032531881326
Italy-Post and Telecommunications,0.000966024940841
Italy-Financial Intermediation,-0.0190773743456
Italy-Real Estate Activities,-0.051719994657
Italy-Renting of M&Eq and Other Business Activities,-0.00078551626325
Italy-Public Admin and Defence; Compulsory Social Security,-0.031206907834
Italy-Education,-0.0221701763312
Italy-Health and Social Work,-0.0259111012966
"Italy-Other Community, Social and Personal Services",-0.0101169526095
Italy-Private Households with Employed Persons,-0.00478602642663
"Japan-Agriculture, Hunting, Forestry and Fishing",-0.00421297844359
Japan-Mining and Quarrying,0.00952437019193
"Japan-Food, Beverages and Tobacco",-0.0117395201531
Japan-Textiles and Textile Products,0.0039169800474
"Japan-Leather, Leather and Footwear",0.000133363570523
Japan-Wood and Products of Wood and Cork,0.00131838203546
"Japan-Pulp, Paper, Paper , Printing and Publishing",0.000644291517638
"Japan-Coke, Refined Petroleum and Nuclear Fuel",0.127184318963
Japan-Chemicals and Chemical Products,0.0617800753245
Japan-Rubber and Plastics,0.0292562153576
Japan-Other Non-Metallic Mineral,0.0135206631318
Japan-Basic Metals and Fabricated Metal,0.109623680258
"Japan-Machinery, Nec",0.0776347915849
Japan-Electrical and Optical Equipment,0.0957998038683
Japan-Transport Equipment,0.153855504627
"Japan-Manufacturing, Nec; Recycling",0.0111789371826
"Japan-Electricity, Gas and Water Supply",0.0596263090392
Japan-Construction,0.000946308942525
"Japan-Sale, Maintenance and Repair of Motor Vehicles and Motorcycles; Retail Sale of Fuel",-0.00388727883222
"Japan-Wholesale Trade and Commission Trade, Except of Motor Vehicles and Motorcycles",-0.0461004061651
"Japan-Retail Trade, Except of Motor Vehicles and Motorcycles; Repair of Household Goods",-0.033469518102
Japan-Hotels and Restaurants,-0.00878464073762
Japan-Inland Transport,-0.00883352105822
Japan-Water Transport,0.00578600380264
Japan-Air Transport,0.00810556238945
Japan-Other Supporting and Auxiliary Transport Activities; Activities of Travel Agencies,-0.000973838789563
Japan-Post and Telecommunications,-0.017285230893
Japan-Financial Intermediation,-0.0412157355561
Japan-Real Estate Activities,-0.100005230802
Japan-Renting of M&Eq and Other Business Activities,-0.0581816094979
Japan-Public Admin and Defence; Compulsory Social Security,-0.0652652563384
Japan-Education,-0.0288274886356
Japan-Health and Social Work,-0.0322898431283
"Japan-Other Community, Social and Personal Services",-0.0337416561908
Japan-Private Households with Employed Persons,8.66784824386e-05
"South Korea-Agriculture, Hunting, Forestry and Fishing",-0.00667613286979
South Korea-Mining and Quarrying,4.20224645021e-05
"South Korea-Food, Beverages and Tobacco",0.000921112692403
South Korea-Textiles and Textile Products,0.0135681350083
"South Korea-Leather, Leather and Footwear",0.00103065735187
South Korea-Wood and Products of Wood and Cork,0.000827529198667
"South Korea-Pulp, Paper, Paper , Printing and Publishing",0.00395751125907
"South Korea-Coke, Refined Petroleum and Nuclear Fuel",0.101680798517
South Korea-Chemicals and Chemical Products,0.0500466597995
South Korea-Rubber and Plastics,0.0140165471543
South Korea-Other Non-Metallic Mineral,0.00147614546999
South Korea-Basic Metals and Fabricated Metal,0.0565553666094
"South Korea-Machinery, Nec",0.0354656807565
South Korea-Electrical and Optical Equipment,0.0988201675681
South Korea-Transport Equipment,0.101751959434
"South Korea-Manufacturing, Nec; Recycling",0.0049467677017
"South Korea-Electricity, Gas and Water Supply",0.0218820394947
South Korea-Construction,-0.00850117149015
"South Korea-Sale, Maintenance and Repair of Motor Vehicles and Motorcycles; Retail Sale of Fuel",-0.00112551209417
"South Korea-Wholesale Trade and Commission Trade, Except of Motor Vehicles and Motorcycles",0.0178344811297
"South Korea-Retail Trade, Except of Motor Vehicles and Motorcycles; Repair of Household Goods",-0.0127352866229
South Korea-Hotels and Restaurants,-0.00638567135921
South Korea-Inland Transport,0.00797004239205
South Korea-Water Transport,0.0407588797828
South Korea-Air Transport,0.00848650153282
South Korea-Other Supporting and Auxiliary Transport Activities; Activities of Travel Agencies,0.000535372531977
South Korea-Post and Telecommunications,-0.00364267216999
South Korea-Financial Intermediation,-0.0161413799147
South Korea-Real Estate Activities,-0.0228784191169
South Korea-Renting of M&Eq and Other Business Activities,0.00993870921897
South Korea-Public Admin and Defence; Compulsory Social Security,-0.0155645749354
South Korea-Education,-0.0201486181
South Korea-Health and Social Work,-0.00945450314083
"South Korea-Other Community, Social and Personal Services",-0.00841845762435
South Korea-Private Households with Employed Persons,8.6678482486e-05
"Lithuania-Agriculture, Hunting, Forestry and Fishing",0.0019634241907
Lithuania-Mining and Quarrying,-0.00158083109956
"Lithuania-Food, Beverages and Tobacco",0.00734038758518
Lithuania-Textiles and Textile Products,0.00236615010873
"Lithuania-Leather, Leather and Footwear",0.000599897602472
Lithuania-Wood and Products of Wood and Cork,0.000982927457124
"Lithuania-Pulp, Paper, Paper , Printing and Publishing",0.00225418213872
"Lithuania-Coke, Refined Petroleum and Nuclear Fuel",0.0341506709356
Lithuania-Chemicals and Chemical Products,0.0115919748241
Lithuania-Rubber and Plastics,0.00315135566764
Lithuania-Other Non-Metallic Mineral,0.00136270135552
Lithuania-Basic Metals and Fabricated Metal,0.00195445460021
"Lithuania-Machinery, Nec",0.0025149343761
Lithuania-Electrical and Optical Equipment,0.00500796684928
Lithuania-Transport Equipment,0.000901371343775
"Lithuania-Manufacturing, Nec; Recycling",0.00158834312307
"Lithuania-Electricity, Gas and Water Supply",0.00259006501355
Lithuania-Construction,-0.0140762537107
"Lithuania-Sale, Maintenance and Repair of Motor Vehicles and Motorcycles; Retail Sale of Fuel",-0.0027662848306
"Lithuania-Wholesale Trade and Commission Trade, Except of Motor Vehicles and Motorcycles",-0.010521647129
"Lithuania-Retail Trade, Except of Motor Vehicles and Motorcycles; Repair of Household Goods",-0.0100101936599
Lithuania-Hotels and Restaurants,-0.00401788464891
Lithuania-Inland Transport,-0.00452357568344
Lithuania-Water Transport,3.57351624797e-05
Lithuania-Air Transport,-0.000129650999135
Lithuania-Other Supporting and Auxiliary Transport Activities; Activities of Travel Agencies,-0.000866728610522
Lithuania-Post and Telecommunications,-0.00340867794761
Lithuania-Financial Intermediation,-0.00566074533808
Lithuania-Real Estate Activities,-0.0216984855027
Lithuania-Renting of M&Eq and Other Business Activities,-0.00900047562859
Lithuania-Public Admin and Defence; Compulsory Social Security,-0.0245233794363
Lithuania-Education,-0.0186231411006
Lithuania-Health and Social Work,-0.0114837686858
"Lithuania-Other Community, Social and Personal Services",-0.00801672602687
Lithuania-Private Households with Employed Persons,-0.000153099343316
"Luxembourg-Agriculture, Hunting, Forestry and Fishing",0.000498916250773
Luxembourg-Mining and Quarrying,0.00013064533323
"Luxembourg-Food, Beverages and Tobacco",0.00116632693708
Luxembourg-Textiles and Textile Products,0.00110756034894
"Luxembourg-Leather, Leather and Footwear",8.73932167749e-05
Luxembourg-Wood and Products of Wood and Cork,0.000401783309248
"Luxembourg-Pulp, Paper, Paper , Printing and Publishing",0.00102816828162
"Luxembourg-Coke, Refined Petroleum and Nuclear Fuel",8.74101527943e-05
Luxembourg-Chemicals and Chemical Products,0.000496079000323
Luxembourg-Rubber and Plastics,0.00123867590957
Luxembourg-Other Non-Metallic Mineral,0.000537402975656
Luxembourg-Basic Metals and Fabricated Metal,0.00305307940635
"Luxembourg-Machinery, Nec",0.00104171933778
Luxembourg-Electrical and Optical Equipment,0.000823139371636
Luxembourg-Transport Equipment,0.000253625062319
"Luxembourg-Manufacturing, Nec; Recycling",0.000180159471382
"Luxembourg-Electricity, Gas and Water Supply",0.00190218155516
Luxembourg-Construction,-0.00729956795247
"Luxembourg-Sale, Maintenance and Repair of Motor Vehicles and Motorcycles; Retail Sale of Fuel",-0.00242785295095
"Luxembourg-Wholesale Trade and Commission Trade, Except of Motor Vehicles and Motorcycles",-0.00410660920536
"Luxembourg-Retail Trade, Except of Motor Vehicles and Motorcycles; Repair of Household Goods",-0.00356322938638
Luxembourg-Hotels and Restaurants,-0.00202486680204
Luxembourg-Inland Transport,-0.00215525307015
Luxembourg-Water Transport,0.000139815896638
Luxembourg-Air Transport,0.00152651577774
Luxembourg-Other Supporting and Auxiliary Transport Activities; Activities of Travel Agencies,0.000383727406153
Luxembourg-Post and Telecommunications,0.00248097591938
Luxembourg-Financial Intermediation,0.0159916055451
Luxembourg-Real Estate Activities,-0.0262819717406
Luxembourg-Renting of M&Eq and Other Business Activities,0.000834819809394
Luxembourg-Public Admin and Defence; Compulsory Social Security,-0.0177814349612
Luxembourg-Education,-0.012599217412
Luxembourg-Health and Social Work,-0.0142298600988
"Luxembourg-Other Community, Social and Personal Services",0.000702934269575
Luxembourg-Private Households with Employed Persons,-0.00118759280941
"Latvia-Agriculture, Hunting, Forestry and Fishing",0.00107980787467
Latvia-Mining and Quarrying,-0.00019579276206
"Latvia-Food, Beverages and Tobacco",0.0016382850381
Latvia-Textiles and Textile Products,0.00141113648373
"Latvia-Leather, Leather and Footwear",0.000193871859227
Latvia-Wood and Products of Wood and Cork,-0.000241318057111
"Latvia-Pulp, Paper, Paper , Printing and Publishing",0.00140930640176
"Latvia-Coke, Refined Petroleum and Nuclear Fuel",8.66784827343e-05
Latvia-Chemicals and Chemical Products,0.0015611814506
Latvia-Rubber and Plastics,0.00144684198755
Latvia-Other Non-Metallic Mineral,0.00106187575744
Latvia-Basic Metals and Fabricated Metal,0.00439230792579
"Latvia-Machinery, Nec",0.000733435075157
Latvia-Electrical and Optical Equipment,0.00264185977793
Latvia-Transport Equipment,0.00170206246212
"Latvia-Manufacturing, Nec; Recycling",0.00112946759859
"Latvia-Electricity, Gas and Water Supply",0.00708887727426
Latvia-Construction,-0.00634689217357
"Latvia-Sale, Maintenance and Repair of Motor Vehicles and Motorcycles; Retail Sale of Fuel",-0.00391666174372
"Latvia-Wholesale Trade and Commission Trade, Except of Motor Vehicles and Motorcycles",-0.0141133171747
"Latvia-Retail Trade, Except of Motor Vehicles and Motorcycles; Repair of Household Goods",-0.0151033404695
Latvia-Hotels and Restaurants,-0.00596286778627
Latvia-Inland Transport,-0.00188999938752
Latvia-Water Transport,0.000140238157088
Latvia-Air Transport,-0.000341538739545
Latvia-Other Supporting and Auxiliary Transport Activities; Activities of Travel Agencies,0.00157817953331
Latvia-Post and Telecommunications,-0.00569131840296
Latvia-Financial Intermediation,-0.0136034369549
Latvia-Real Estate Activities,-0.0384055183197
Latvia-Renting of M&Eq and Other Business Activities,-0.0110551815337
Latvia-Public Admin and Defence; Compulsory Social Security,-0.0297155074476
Latvia-Education,-0.0178135622797
Latvia-Health and Social Work,-0.00817947881764
"Latvia-Other Community, Social and Personal Services",-0.0177860890377
Latvia-Private Households with Employed Persons,8.6678482415e-05
"Mexico-Agriculture, Hunting, Forestry and Fishing",-0.00718989899864
Mexico-Mining and Quarrying,-0.0174049306694
"Mexico-Food, Beverages and Tobacco",-0.0126180620695
Mexico-Textiles and Textile Products,0.00234890627975
"Mexico-Leather, Leather and Footwear",0.000282782327492
Mexico-Wood and Products of Wood and Cork,-0.000625538762068
"Mexico-Pulp, Paper, Paper , Printing and Publishing",0.000977772363316
"Mexico-Coke, Refined Petroleum and Nuclear Fuel",-0.0129569753593
Mexico-Chemicals and Chemical Products,-0.0020027341228
Mexico-Rubber and Plastics,0.00345112867186
Mexico-Other Non-Metallic Mineral,-0.00316791639106
Mexico-Basic Metals and Fabricated Metal,0.00860273517185
"Mexico-Machinery, Nec",0.0045494332616
Mexico-Electrical and Optical Equipment,0.0365960004521
Mexico-Transport Equipment,0.0385285453671
"Mexico-Manufacturing, Nec; Recycling",0.00499338160492
"Mexico-Electricity, Gas and Water Supply",0.0014270763522
Mexico-Construction,-0.0162830613897
"Mexico-Sale, Maintenance and Repair of Motor Vehicles and Motorcycles; Retail Sale of Fuel",0.000319912533633
"Mexico-Wholesale Trade and Commission Trade, Except of Motor Vehicles and Motorcycles",-0.0236335306804
"Mexico-Retail Trade, Except of Motor Vehicles and Motorcycles; Repair of Household Goods",-0.0216247186764
Mexico-Hotels and Restaurants,-0.0109180592903
Mexico-Inland Transport,-0.0154510475684
Mexico-Water Transport,6.22693710503e-05
Mexico-Air Transport,0.000143556258604
Mexico-Other Supporting and Auxiliary Transport Activities; Activities of Travel Agencies,-0.00234254357062
Mexico-Post and Telecommunications,-0.00897399240897
Mexico-Financial Intermediation,-0.0181220603551
Mexico-Real Estate Activities,-0.0389686522791
Mexico-Renting of M&Eq and Other Business Activities,-0.0166392225069
Mexico-Public Admin and Defence; Compulsory Social Security,-0.0230671878144
Mexico-Education,-0.0244310171774
Mexico-Health and Social Work,-0.0102264635029
"Mexico-Other Community, Social and Personal Services",-0.00726415893867
Mexico-Private Households with Employed Persons,-0.00210301027644
"Malta-Agriculture, Hunting, Forestry and Fishing",-0.00377236358675
Malta-Mining and Quarrying,-0.000650644438463
"Malta-Food, Beverages and Tobacco",-0.00434818581596
Malta-Textiles and Textile Products,-0.000160019310465
"Malta-Leather, Leather and Footwear",0.000116439881096
Malta-Wood and Products of Wood and Cork,4.67424385761e-05
"Malta-Pulp, Paper, Paper , Printing and Publishing",0.000654917353541
"Malta-Coke, Refined Petroleum and Nuclear Fuel",0.00011256966279
Malta-Chemicals and Chemical Products,0.00102317891479
Malta-Rubber and Plastics,0.000374268943415
Malta-Other Non-Metallic Mineral,6.85584252199e-05
Malta-Basic Metals and Fabricated Metal,0.00062221990377
"Malta-Machinery, Nec",0.000154614930258
Malta-Electrical and Optical Equipment,0.000929361987798
Malta-Transport Equipment,0.000132154178104
"Malta-Manufacturing, Nec; Recycling",-0.000279864001754
"Malta-Electricity, Gas and Water Supply",0.00944698476667
Malta-Construction,-0.00259116981476
"Malta-Sale, Maintenance and Repair of Motor Vehicles and Motorcycles; Retail Sale of Fuel",-0.00228799823677
"Malta-Wholesale Trade and Commission Trade, Except of Motor Vehicles and Motorcycles",-0.0023190481151
"Malta-Retail Trade, Except of Motor Vehicles and Motorcycles; Repair of Household Goods",-0.00347319425509
Malta-Hotels and Restaurants,-0.000348126991086
Malta-Inland Transport,-0.000613356419434
Malta-Water Transport,0.000166393676917
Malta-Air Transport,0.00122975371796
Malta-Other Supporting and Auxiliary Transport Activities; Activities of Travel Agencies,-0.00130604453157
Malta-Post and Telecommunications,-0.00108740239126
Malta-Financial Intermediation,-0.00649906351149
Malta-Real Estate Activities,-0.0162420373375
Malta-Renting of M&Eq and Other Business Activities,-0.00011832261514
Malta-Public Admin and Defence; Compulsory Social Security,-0.0148917367112
Malta-Education,-0.0109921547705
Malta-Health and Social Work,-0.0121601866774
"Malta-Other Community, Social and Personal Services",-0.0191634776008
Malta-Private Households with Employed Persons,-0.000523659074142
"The Netherlands-Agriculture, Hunting, Forestry and Fishing",0.0304825519675
The Netherlands-Mining and Quarrying,0.00496501094655
"The Netherlands-Food, Beverages and Tobacco",0.0857396996883
The Netherlands-Textiles and Textile Products,0.0068316607729
"The Netherlands-Leather, Leather and Footwear",0.000856623693075
The Netherlands-Wood and Products of Wood and Cork,0.00184840995322
"The Netherlands-Pulp, Paper, Paper , Printing and Publishing",0.010966282254
"The Netherlands-Coke, Refined Petroleum and Nuclear Fuel",0.0413419765227
The Netherlands-Chemicals and Chemical Products,0.0854056431034
The Netherlands-Rubber and Plastics,0.0102316330669
The Netherlands-Other Non-Metallic Mineral,0.00498524162034
The Netherlands-Basic Metals and Fabricated Metal,0.0217244177644
"The Netherlands-Machinery, Nec",0.0401224690702
The Netherlands-Electrical and Optical Equipment,0.0339755527504
The Netherlands-Transport Equipment,0.0245593654416
"The Netherlands-Manufacturing, Nec; Recycling",0.0109290703563
"The Netherlands-Electricity, Gas and Water Supply",0.00834027426922
The Netherlands-Construction,-0.00355757386683
"The Netherlands-Sale, Maintenance and Repair of Motor Vehicles and Motorcycles; Retail Sale of Fuel",-0.000342754351398
"The Netherlands-Wholesale Trade and Commission Trade, Except of Motor Vehicles and Motorcycles",0.00401126025186
"The Netherlands-Retail Trade, Except of Motor Vehicles and Motorcycles; Repair of Household Goods",-0.00580734495843
The Netherlands-Hotels and Restaurants,-0.00384619523579
The Netherlands-Inland Transport,0.000392864263813
The Netherlands-Water Transport,0.000912542617833
The Netherlands-Air Transport,0.00862917057445
The Netherlands-Other Supporting and Auxiliary Transport Activities; Activities of Travel Agencies,0.00761540128522
The Netherlands-Post and Telecommunications,0.00880919532674
The Netherlands-Financial Intermediation,-0.00482511497296
The Netherlands-Real Estate Activities,-0.0246351740947
The Netherlands-Renting of M&Eq and Other Business Activities,0.0422780868861
The Netherlands-Public Admin and Defence; Compulsory Social Security,-0.0205073527827
The Netherlands-Education,-0.0146253926363
The Netherlands-Health and Social Work,-0.0323475051762
"The Netherlands-Other Community, Social and Personal Services",0.00235290469097
The Netherlands-Private Households with Employed Persons,-0.00133169965059
"Poland-Agriculture, Hunting, Forestry and Fishing",-0.000264720304249
Poland-Mining and Quarrying,0.00106072988819
"Poland-Food, Beverages and Tobacco",0.0319699184971
Poland-Textiles and Textile Products,0.0135416396793
"Poland-Leather, Leather and Footwear",0.00224391754871
Poland-Wood and Products of Wood and Cork,0.00702238839559
"Poland-Pulp, Paper, Paper , Printing and Publishing",0.0101004763673
"Poland-Coke, Refined Petroleum and Nuclear Fuel",0.0418081172974
Poland-Chemicals and Chemical Products,0.0266453784674
Poland-Rubber and Plastics,0.0164643441651
Poland-Other Non-Metallic Mineral,0.00935184676065
Poland-Basic Metals and Fabricated Metal,0.0264035084524
"Poland-Machinery, Nec",0.0173401299559
Poland-Electrical and Optical Equipment,0.0263638315986
Poland-Transport Equipment,0.0329306008985
"Poland-Manufacturing, Nec; Recycling",0.0148405267978
"Poland-Electricity, Gas and Water Supply",-0.00103842627846
Poland-Construction,-0.00367522860131
"Poland-Sale, Maintenance and Repair of Motor Vehicles and Motorcycles; Retail Sale of Fuel",-0.00676654915393
"Poland-Wholesale Trade and Commission Trade, Except of Motor Vehicles and Motorcycles",-0.00794110029617
"Poland-Retail Trade, Except of Motor Vehicles and Motorcycles; Repair of Household Goods",-0.0176199509298
Poland-Hotels and Restaurants,-0.00423455176067
Poland-Inland Transport,0.00282050790392
Poland-Water Transport,0.000999056823925
Poland-Air Transport,0.00217353456457
Poland-Other Supporting and Auxiliary Transport Activities; Activities of Travel Agencies,0.00245709616288
Poland-Post and Telecommunications,-0.00183460194359
Poland-Financial Intermediation,-0.00967801730784
Poland-Real Estate Activities,-0.0238717576409
Poland-Renting of M&Eq and Other Business Activities,-0.00242273518272
Poland-Public Admin and Defence; Compulsory Social Security,-0.0145228573674
Poland-Education,-0.0160611709047
Poland-Health and Social Work,-0.0101658478297
"Poland-Other Community, Social and Personal Services",-0.00773979545731
Poland-Private Households with Employed Persons,-0.00152071998875
"Portugal-Agriculture, Hunting, Forestry and Fishing",-0.00158334550265
Portugal-Mining and Quarrying,0.000480958069578
"Portugal-Food, Beverages and Tobacco",-0.000414648480592
Portugal-Textiles and Textile Products,0.00332534763665
"Portugal-Leather, Leather and Footwear",0.00146634736341
Portugal-Wood and Products of Wood and Cork,0.000969353328591
"Portugal-Pulp, Paper, Paper , Printing and Publishing",0.00321264192276
"Portugal-Coke, Refined Petroleum and Nuclear Fuel",0.0312148897553
Portugal-Chemicals and Chemical Products,0.00457028464967
Portugal-Rubber and Plastics,0.00324647702478
Portugal-Other Non-Metallic Mineral,0.00169256679099
Portugal-Basic Metals and Fabricated Metal,0.00765983928386
"Portugal-Machinery, Nec",0.00384466592239
Portugal-Electrical and Optical Equipment,0.00716807881215
Portugal-Transport Equipment,0.00662672618296
"Portugal-Manufacturing, Nec; Recycling",0.00127669426348
"Portugal-Electricity, Gas and Water Supply",-0.00239906441148
Portugal-Construction,-0.0208795390546
"Portugal-Sale, Maintenance and Repair of Motor Vehicles and Motorcycles; Retail Sale of Fuel",-0.00694943082426
"Portugal-Wholesale Trade and Commission Trade, Except of Motor Vehicles and Motorcycles",-0.0135204594179
"Portugal-Retail Trade, Except of Motor Vehicles and Motorcycles; Repair of Household Goods",-0.0125804737905
Portugal-Hotels and Restaurants,-0.0141135766778
Portugal-Inland Transport,0.000773408680639
Portugal-Water Transport,0.000221213800078
Portugal-Air Transport,0.00227611931943
Portugal-Other Supporting and Auxiliary Transport Activities; Activities of Travel Agencies,-0.000856494928784
Portugal-Post and Telecommunications,-0.00478411103834
Portugal-Financial Intermediation,-0.0189316684281
Portugal-Real Estate Activities,-0.0308826184828
Portugal-Renting of M&Eq and Other Business Activities,-0.0125514461522
Portugal-Public Admin and Defence; Compulsory Social Security,-0.0322169279778
Portugal-Education,-0.025106319971
Portugal-Health and Social Work,-0.0201057910952
"Portugal-Other Community, Social and Personal Services",-0.00953821351201
Portugal-Private Households with Employed Persons,-0.003210162607
"Romania-Agriculture, Hunting, Forestry and Fishing",-0.00957755177383
Romania-Mining and Quarrying,-0.00182847261261
"Romania-Food, Beverages and Tobacco",-0.0216511797181
Romania-Textiles and Textile Products,0.00554114742884
"Romania-Leather, Leather and Footwear",0.00171520278125
Romania-Wood and Products of Wood and Cork,0.000828564026304
"Romania-Pulp, Paper, Paper , Printing and Publishing",0.00076127506331
"Romania-Coke, Refined Petroleum and Nuclear Fuel",0.00852616121401
Romania-Chemicals and Chemical Products,0.00657150501382
Romania-Rubber and Plastics,0.00314261440593
Romania-Other Non-Metallic Mineral,0.000525247254718
Romania-Basic Metals and Fabricated Metal,0.00885173844339
"Romania-Machinery, Nec",0.00389616472688
Romania-Electrical and Optical Equipment,0.0054561599716
Romania-Transport Equipment,0.00408200626613
"Romania-Manufacturing, Nec; Recycling",0.00119876502428
"Romania-Electricity, Gas and Water Supply",0.00569459434962
Romania-Construction,-0.0342274817749
"Romania-Sale, Maintenance and Repair of Motor Vehicles and Motorcycles; Retail Sale of Fuel",0.000785058595244
"Romania-Wholesale Trade and Commission Trade, Except of Motor Vehicles and Motorcycles",-0.0155032519231
"Romania-Retail Trade, Except of Motor Vehicles and Motorcycles; Repair of Household Goods",-0.0109159782425
Romania-Hotels and Restaurants,-0.00427038507382
Romania-Inland Transport,-0.00542144359299
Romania-Water Transport,0.000202716223118
Romania-Air Transport,0.000956092833201
Romania-Other Supporting and Auxiliary Transport Activities; Activities of Travel Agencies,-0.00286843405803
Romania-Post and Telecommunications,-0.000144700575589
Romania-Financial Intermediation,-0.00311511792611
Romania-Real Estate Activities,-0.0209785444589
Romania-Renting of M&Eq and Other Business Activities,-0.000396101852914
Romania-Public Admin and Defence; Compulsory Social Security,-0.0160526665915
Romania-Education,-0.0124561296489
Romania-Health and Social Work,0.00149710901848
"Romania-Other Community, Social and Personal Services",-0.00881212180011
Romania-Private Households with Employed Persons,8.66784824505e-05
"Russia-Agriculture, Hunting, Forestry and Fishing",-0.0114740770803
Russia-Mining and Quarrying,0.161128117437
"Russia-Food, Beverages and Tobacco",-0.0308304776153
Russia-Textiles and Textile Products,0.00107669693193
"Russia-Leather, Leather and Footwear",-2.53155393107e-05
Russia-Wood and Products of Wood and Cork,0.00492327575193
"Russia-Pulp, Paper, Paper , Printing and Publishing",0.00253785984824
"Russia-Coke, Refined Petroleum and Nuclear Fuel",0.0299567661721
Russia-Chemicals and Chemical Products,0.0273107339155
Russia-Rubber and Plastics,-0.000692784500921
Russia-Other Non-Metallic Mineral,-0.00565611158868
Russia-Basic Metals and Fabricated Metal,0.00835459883694
"Russia-Machinery, Nec",0.00326251217217
Russia-Electrical and Optical Equipment,-0.00238804553626
Russia-Transport Equipment,0.0161334028526
"Russia-Manufacturing, Nec; Recycling",-0.00238444723331
"Russia-Electricity, Gas and Water Supply",-0.0194935127516
Russia-Construction,-0.051979901875
"Russia-Sale, Maintenance and Repair of Motor Vehicles and Motorcycles; Retail Sale of Fuel",-0.0063935580467
"Russia-Wholesale Trade and Commission Trade, Except of Motor Vehicles and Motorcycles",0.0019244645872
"Russia-Retail Trade, Except of Motor Vehicles and Motorcycles; Repair of Household Goods",-0.0231869499174
Russia-Hotels and Restaurants,-0.00604155499033
Russia-Inland Transport,0.0324544783418
Russia-Water Transport,-4.96539986261e-05
Russia-Air Transport,-0.000373594179562
Russia-Other Supporting and Auxiliary Transport Activities; Activities of Travel Agencies,0.00676521893229
Russia-Post and Telecommunications,-0.00438156814735
Russia-Financial Intermediation,-0.0213215799914
Russia-Real Estate Activities,-0.0242017838673
Russia-Renting of M&Eq and Other Business Activities,-0.0290835796904
Russia-Public Admin and Defence; Compulsory Social Security,-0.0317760718985
Russia-Education,-0.0176996953578
Russia-Health and Social Work,-0.0256628850238
"Russia-Other Community, Social and Personal Services",-0.00956935972694
Russia-Private Households with Employed Persons,8.66784824978e-05
"Slovak Republic-Agriculture, Hunting, Forestry and Fishing",-0.00237175185959
Slovak Republic-Mining and Quarrying,-0.00044585295579
"Slovak Republic-Food, Beverages and Tobacco",0.00206790924398
Slovak Republic-Textiles and Textile Products,0.00252148313634
"Slovak Republic-Leather, Leather and Footwear",0.00132755446479
Slovak Republic-Wood and Products of Wood and Cork,0.00101786162101
"Slovak Republic-Pulp, Paper, Paper , Printing and Publishing",0.00280665538118
"Slovak Republic-Coke, Refined Petroleum and Nuclear Fuel",0.0107624282921
Slovak Republic-Chemicals and Chemical Products,0.0040916665301
Slovak Republic-Rubber and Plastics,0.00260231453601
Slovak Republic-Other Non-Metallic Mineral,0.00176433279397
Slovak Republic-Basic Metals and Fabricated Metal,0.00766070811687
"Slovak Republic-Machinery, Nec",0.00445712049272
Slovak Republic-Electrical and Optical Equipment,0.0189071536754
Slovak Republic-Transport Equipment,0.0126710244552
"Slovak Republic-Manufacturing, Nec; Recycling",0.00247630803341
"Slovak Republic-Electricity, Gas and Water Supply",-0.00230769834995
Slovak Republic-Construction,-0.0228762458113
"Slovak Republic-Sale, Maintenance and Repair of Motor Vehicles and Motorcycles; Retail Sale of Fuel",-0.00124091098551
"Slovak Republic-Wholesale Trade and Commission Trade, Except of Motor Vehicles and Motorcycles",-0.00372219857226
"Slovak Republic-Retail Trade, Except of Motor Vehicles and Motorcycles; Repair of Household Goods",-0.0101293909059
Slovak Republic-Hotels and Restaurants,-0.00114468593187
Slovak Republic-Inland Transport,-0.00165801104098
Slovak Republic-Water Transport,7.71409145151e-05
Slovak Republic-Air Transport,0.000154160940359
Slovak Republic-Other Supporting and Auxiliary Transport Activities; Activities of Travel Agencies,-0.00234586699132
Slovak Republic-Post and Telecommunications,-0.00437399122246
Slovak Republic-Financial Intermediation,-0.0102260867714
Slovak Republic-Real Estate Activities,-0.012939011035
Slovak Republic-Renting of M&Eq and Other Business Activities,-0.00264057505852
Slovak Republic-Public Admin and Defence; Compulsory Social Security,-0.021819879055
Slovak Republic-Education,-0.00906579019353
Slovak Republic-Health and Social Work,-0.00594622935446
"Slovak Republic-Other Community, Social and Personal Services",-0.00587423845259
Slovak Republic-Private Households with Employed Persons,8.66784822257e-05
"Slovenia-Agriculture, Hunting, Forestry and Fishing",-0.0028293235515
Slovenia-Mining and Quarrying,0.000113571416995
"Slovenia-Food, Beverages and Tobacco",-0.00175488518021
Slovenia-Textiles and Textile Products,0.00167463862122
"Slovenia-Leather, Leather and Footwear",0.00071058828066
Slovenia-Wood and Products of Wood and Cork,0.00100139046485
"Slovenia-Pulp, Paper, Paper , Printing and Publishing",0.00270522195084
"Slovenia-Coke, Refined Petroleum and Nuclear Fuel",0.000135314179794
Slovenia-Chemicals and Chemical Products,0.00645586797537
Slovenia-Rubber and Plastics,0.00199732211639
Slovenia-Other Non-Metallic Mineral,0.000539229433727
Slovenia-Basic Metals and Fabricated Metal,0.00417701928224
"Slovenia-Machinery, Nec",0.00384479897577
Slovenia-Electrical and Optical Equipment,0.00392359791968
Slovenia-Transport Equipment,0.00317716063326
"Slovenia-Manufacturing, Nec; Recycling",0.00108245946836
"Slovenia-Electricity, Gas and Water Supply",-0.0021643086224
Slovenia-Construction,-0.0171104281661
"Slovenia-Sale, Maintenance and Repair of Motor Vehicles and Motorcycles; Retail Sale of Fuel",-0.00349369455919
"Slovenia-Wholesale Trade and Commission Trade, Except of Motor Vehicles and Motorcycles",-0.00886604343186
"Slovenia-Retail Trade, Except of Motor Vehicles and Motorcycles; Repair of Household Goods",-0.00992399001666
Slovenia-Hotels and Restaurants,-0.00709279274694
Slovenia-Inland Transport,4.49264798571e-05
Slovenia-Water Transport,0.000221721705415
Slovenia-Air Transport,0.000371189757505
Slovenia-Other Supporting and Auxiliary Transport Activities; Activities of Travel Agencies,-0.00150535660326
Slovenia-Post and Telecommunications,-0.00593831899563
Slovenia-Financial Intermediation,-0.0120000944415
Slovenia-Real Estate Activities,-0.020092012212
Slovenia-Renting of M&Eq and Other Business Activities,-0.0100347292702
Slovenia-Public Admin and Defence; Compulsory Social Security,-0.0201766730542
Slovenia-Education,-0.0161507127937
Slovenia-Health and Social Work,-0.0125739500777
"Slovenia-Other Community, Social and Personal Services",-0.0115402388226
Slovenia-Private Households with Employed Persons,-0.000109204411784
"Sweden-Agriculture, Hunting, Forestry and Fishing",0.00281512348738
Sweden-Mining and Quarrying,0.00217229412091
"Sweden-Food, Beverages and Tobacco",0.00776628231009
Sweden-Textiles and Textile Products,0.00516737332064
"Sweden-Leather, Leather and Footwear",8.66784826515e-05
Sweden-Wood and Products of Wood and Cork,0.00406817661521
"Sweden-Pulp, Paper, Paper , Printing and Publishing",0.0178706807577
"Sweden-Coke, Refined Petroleum and Nuclear Fuel",0.0189884586939
Sweden-Chemicals and Chemical Products,0.0242265082902
Sweden-Rubber and Plastics,0.0066718865277
Sweden-Other Non-Metallic Mineral,0.00229127024495
Sweden-Basic Metals and Fabricated Metal,0.0180399038776
"Sweden-Machinery, Nec",0.0333925438163
Sweden-Electrical and Optical Equipment,0.0516540734008
Sweden-Transport Equipment,0.0377865553814
"Sweden-Manufacturing, Nec; Recycling",0.00807856380026
"Sweden-Electricity, Gas and Water Supply",-0.00235616766357
Sweden-Construction,-0.00598243475333
"Sweden-Sale, Maintenance and Repair of Motor Vehicles and Motorcycles; Retail Sale of Fuel",-0.00265570638794
"Sweden-Wholesale Trade and Commission Trade, Except of Motor Vehicles and Motorcycles",-0.0108652027318
"Sweden-Retail Trade, Except of Motor Vehicles and Motorcycles; Repair of Household Goods",-0.0090665491194
Sweden-Hotels and Restaurants,-0.00680404828737
Sweden-Inland Transport,-0.00582235182482
Sweden-Water Transport,0.00115171757974
Sweden-Air Transport,0.00151823222086
Sweden-Other Supporting and Auxiliary Transport Activities; Activities of Travel Agencies,0.00879898310617
Sweden-Post and Telecommunications,0.00169244388071
Sweden-Financial Intermediation,-0.00909953351886
Sweden-Real Estate Activities,-0.0387936982222
Sweden-Renting of M&Eq and Other Business Activities,0.000370584150164
Sweden-Public Admin and Defence; Compulsory Social Security,-0.0130819915841
Sweden-Education,-0.0251211716552
Sweden-Health and Social Work,-0.0433001421027
"Sweden-Other Community, Social and Personal Services",-0.0143478393254
Sweden-Private Households with Employed Persons,-3.5862227826e-05
"Turkey-Agriculture, Hunting, Forestry and Fishing",-0.0210680898287
Turkey-Mining and Quarrying,0.00354978035415
"Turkey-Food, Beverages and Tobacco",-0.0168216765376
Turkey-Textiles and Textile Products,0.0300133027661
"Turkey-Leather, Leather and Footwear",6.95766098069e-05
Turkey-Wood and Products of Wood and Cork,-0.000124262158493
"Turkey-Pulp, Paper, Paper , Printing and Publishing",-0.000188757694518
"Turkey-Coke, Refined Petroleum and Nuclear Fuel",0.00255850924886
Turkey-Chemicals and Chemical Products,0.00432619529492
Turkey-Rubber and Plastics,0.00550060814916
Turkey-Other Non-Metallic Mineral,0.00330909452785
Turkey-Basic Metals and Fabricated Metal,0.0225948325746
"Turkey-Machinery, Nec",0.0131971545753
Turkey-Electrical and Optical Equipment,0.00811080761414
Turkey-Transport Equipment,0.0234502869669
"Turkey-Manufacturing, Nec; Recycling",0.0101695470394
"Turkey-Electricity, Gas and Water Supply",-0.00942473434023
Turkey-Construction,-0.00775817491586
"Turkey-Sale, Maintenance and Repair of Motor Vehicles and Motorcycles; Retail Sale of Fuel",-0.00574957417702
"Turkey-Wholesale Trade and Commission Trade, Except of Motor Vehicles and Motorcycles",-0.0132069390049
"Turkey-Retail Trade, Except of Motor Vehicles and Motorcycles; Repair of Household Goods",-0.0127468676877
Turkey-Hotels and Restaurants,-0.0137921894296
Turkey-Inland Transport,-0.0178841211537
Turkey-Water Transport,0.00206881054896
Turkey-Air Transport,0.00128985082609
Turkey-Other Supporting and Auxiliary Transport Activities; Activities of Travel Agencies,-0.00151218808075
Turkey-Post and Telecommunications,-0.00807648702576
Turkey-Financial Intermediation,-0.00400217725872
Turkey-Real Estate Activities,-0.040590310582
Turkey-Renting of M&Eq and Other Business Activities,-0.00818307425526
Turkey-Public Admin and Defence; Compulsory Social Security,-0.0198503946338
Turkey-Education,-0.0154352664776
Turkey-Health and Social Work,-0.00975382734456
"Turkey-Other Community, Social and Personal Services",-0.00810607339701
Turkey-Private Households with Employed Persons,-0.000619763530262
"Taiwan-Agriculture, Hunting, Forestry and Fishing",-0.000925157857086
Taiwan-Mining and Quarrying,-0.001070929308
"Taiwan-Food, Beverages and Tobacco",-0.00147827959415
Taiwan-Textiles and Textile Products,0.00642411668265
"Taiwan-Leather, Leather and Footwear",0.00136163689758
Taiwan-Wood and Products of Wood and Cork,0.000271551983321
"Taiwan-Pulp, Paper, Paper , Printing and Publishing",0.00366124752321
"Taiwan-Coke, Refined Petroleum and Nuclear Fuel",0.0344937791743
Taiwan-Chemicals and Chemical Products,0.0273485283301
Taiwan-Rubber and Plastics,0.00755816872354
Taiwan-Other Non-Metallic Mineral,0.0009234203974
Taiwan-Basic Metals and Fabricated Metal,0.0263005329355
"Taiwan-Machinery, Nec",0.0157590214967
Taiwan-Electrical and Optical Equipment,0.0589680507704
Taiwan-Transport Equipment,0.00990535005012
"Taiwan-Manufacturing, Nec; Recycling",0.00876941598303
"Taiwan-Electricity, Gas and Water Supply",0.0132800993582
Taiwan-Construction,0.00421806900858
"Taiwan-Sale, Maintenance and Repair of Motor Vehicles and Motorcycles; Retail Sale of Fuel",0.000532162147198
"Taiwan-Wholesale Trade and Commission Trade, Except of Motor Vehicles and Motorcycles",-0.0234649748976
"Taiwan-Retail Trade, Except of Motor Vehicles and Motorcycles; Repair of Household Goods",-0.0214750219601
Taiwan-Hotels and Restaurants,-0.00188430746735
Taiwan-Inland Transport,0.000546110707383
Taiwan-Water Transport,0.0055737453013
Taiwan-Air Transport,0.00514576551432
Taiwan-Other Supporting and Auxiliary Transport Activities; Activities of Travel Agencies,0.0023069226913
Taiwan-Post and Telecommunications,-0.00470563461152
Taiwan-Financial Intermediation,-0.0244732698302
Taiwan-Real Estate Activities,-0.0193379969884
Taiwan-Renting of M&Eq and Other Business Activities,0.000970393575661
Taiwan-Public Admin and Defence; Compulsory Social Security,-0.037115934761
Taiwan-Education,-0.00548951583522
Taiwan-Health and Social Work,-0.00843727497291
"Taiwan-Other Community, Social and Personal Services",-0.0222924325819
Taiwan-Private Households with Employed Persons,-0.0028005099712
"USA-Agriculture, Hunting, Forestry and Fishing",0.0636004346137
USA-Mining and Quarrying,0.0147992421203
"USA-Food, Beverages and Tobacco",0.0643013471507
USA-Textiles and Textile Products,0.0195080988598
"USA-Leather, Leather and Footwear",0.00135635054398
USA-Wood and Products of Wood and Cork,0.0064412899464
"USA-Pulp, Paper, Paper , Printing and Publishing",0.0440361410422
"USA-Coke, Refined Petroleum and Nuclear Fuel",0.181483834075
USA-Chemicals and Chemical Products,0.151780392113
USA-Rubber and Plastics,0.0274728622674
USA-Other Non-Metallic Mineral,0.00952169033273
USA-Basic Metals and Fabricated Metal,0.0686980685479
"USA-Machinery, Nec",0.138939180742
USA-Electrical and Optical Equipment,0.16436697458
USA-Transport Equipment,0.190695649163
"USA-Manufacturing, Nec; Recycling",0.0510490243403
"USA-Electricity, Gas and Water Supply",0.00340384338278
USA-Construction,-0.00542840905196
"USA-Sale, Maintenance and Repair of Motor Vehicles and Motorcycles; Retail Sale of Fuel",-0.00237757877991
"USA-Wholesale Trade and Commission Trade, Except of Motor Vehicles and Motorcycles",0.0195122059423
"USA-Retail Trade, Except of Motor Vehicles and Motorcycles; Repair of Household Goods",-0.043043817745
USA-Hotels and Restaurants,-0.0189369762254
USA-Inland Transport,0.0542649295911
USA-Water Transport,0.00422818138514
USA-Air Transport,0.0530639719989
USA-Other Supporting and Auxiliary Transport Activities; Activities of Travel Agencies,0.0276931430502
USA-Post and Telecommunications,0.0145341985647
USA-Financial Intermediation,0.142815327386
USA-Real Estate Activities,-0.07448063447
USA-Renting of M&Eq and Other Business Activities,0.143497991321
USA-Public Admin and Defence; Compulsory Social Security,-0.0496265976397
USA-Education,-0.00552760125516
USA-Health and Social Work,-0.0568244946912
"USA-Other Community, Social and Personal Services",0.00385181196796
USA-Private Households with Employed Persons,-0.000537854414163
"Rest Of World-Agriculture, Hunting, Forestry and Fishing",0.179900044097
Rest Of World-Mining and Quarrying,0.732139884863
"Rest Of World-Food, Beverages and Tobacco",0.309508381179
Rest Of World-Textiles and Textile Products,0.246477167296
"Rest Of World-Leather, Leather and Footwear",0.027348010388
Rest Of World-Wood and Products of Wood and Cork,0.0254610818107
"Rest Of World-Pulp, Paper, Paper , Printing and Publishing",0.0362885796519
"Rest Of World-Coke, Refined Petroleum and Nuclear Fuel",0.330850478289
Rest Of World-Chemicals and Chemical Products,0.352295909388
Rest Of World-Rubber and Plastics,0.0292720210713
Rest Of World-Other Non-Metallic Mineral,0.03058953897
Rest Of World-Basic Metals and Fabricated Metal,0.196030845264
"Rest Of World-Machinery, Nec",0.11599932614
Rest Of World-Electrical and Optical Equipment,0.190585391413
Rest Of World-Transport Equipment,0.105442784469
"Rest Of World-Manufacturing, Nec; Recycling",0.171595037572
"Rest Of World-Electricity, Gas and Water Supply",0.0049163458142
Rest Of World-Construction,-0.00675273430081
"Rest Of World-Sale, Maintenance and Repair of Motor Vehicles and Motorcycles; Retail Sale of Fuel",0.00015570130989
"Rest Of World-Wholesale Trade and Commission Trade, Except of Motor Vehicles and Motorcycles",0.0204240918415
"Rest Of World-Retail Trade, Except of Motor Vehicles and Motorcycles; Repair of Household Goods",-0.00107799635564
Rest Of World-Hotels and Restaurants,0.0299890811407
Rest Of World-Inland Transport,0.0204015752411
Rest Of World-Water Transport,0.000267358519115
Rest Of World-Air Transport,0.00357218235106
Rest Of World-Other Supporting and Auxiliary Transport Activities; Activities of Travel Agencies,-0.00124813478208
Rest Of World-Post and Telecommunications,0.0169769260706
Rest Of World-Financial Intermediation,0.0289224021577
Rest Of World-Real Estate Activities,0.09302916176
Rest Of World-Renting of M&Eq and Other Business Activities,0.1747834943
Rest Of World-Public Admin and Defence; Compulsory Social Security,-0.00963448787659
Rest Of World-Education,-0.00723121130666
Rest Of World-Health and Social Work,-0.00123834040723
"Rest Of World-Other Community, Social and Personal Services",0.0345897359893
Rest Of World-Private Households with Employed Persons,0.0
